{
	"class_name" : "PinholeCameraParameters",
	"extrinsic" : 
	[
		0.94609583033683997,
		-0.13598986141242045,
		0.29395482205991463,
		0.0,
		-0.041213571173009514,
		-0.95075428484020319,
		-0.30719331276764661,
		0.0,
		0.32125398265299787,
		0.27851938433621554,
		-0.90510929239432891,
		0.0,
		0.4148025425522146,
		9.7969430627187446,
		28.343994070634828,
		1.0
	],
	"intrinsic" : 
	{
		"height" : 1055,
		"intrinsic_matrix" : 
		[
			913.65680099258282,
			0.0,
			0.0,
			0.0,
			913.65680099258282,
			0.0,
			959.5,
			527.0,
			1.0
		],
		"width" : 1920
	},
	"version_major" : 1,
	"version_minor" : 0
}