{
	"class_name" : "PinholeCameraParameters",
	"extrinsic" : 
	[
		0.94522305117532368,
		-0.32394822855813055,
		0.04013637677793841,
		0.0,
		-0.27185658873969792,
		-0.8492970020225461,
		-0.45253574169818939,
		0.0,
		0.18068585635191858,
		0.41683587605862915,
		-0.89084256394988737,
		0.0,
		2.7980879565186196,
		8.7461189072755641,
		29.842563673511506,
		1.0
	],
	"intrinsic" : 
	{
		"height" : 1055,
		"intrinsic_matrix" : 
		[
			913.65680099258282,
			0.0,
			0.0,
			0.0,
			913.65680099258282,
			0.0,
			959.5,
			527.0,
			1.0
		],
		"width" : 1920
	},
	"version_major" : 1,
	"version_minor" : 0
}