{
	"class_name" : "PinholeCameraParameters",
	"extrinsic" : 
	[
		0.88377982849741299,
		0.19742342885604561,
		0.42421363070958162,
		0.0,
		0.18561775596057892,
		-0.98016455534181335,
		0.069451372367610037,
		0.0,
		0.42951049278596487,
		0.017361860220245912,
		-0.90289495645753304,
		0.0,
		-0.0,
		-3.4694469519536142e-17,
		2.5980762113533165,
		1.0
	],
	"intrinsic" : 
	{
		"height" : 991,
		"intrinsic_matrix" : 
		[
			858.2311751503787,
			0.0,
			0.0,
			0.0,
			858.2311751503787,
			0.0,
			959.5,
			495.0,
			1.0
		],
		"width" : 1920
	},
	"version_major" : 1,
	"version_minor" : 0
}